{
  "svm_pathshape": {
    "classification_report": {
      "changeup": {
        "precision": 0.5,
        "recall": 0.5,
        "f1-score": 0.5,
        "support": 10.0
      },
      "curveball": {
        "precision": 0.6363636363636364,
        "recall": 0.7,
        "f1-score": 0.6666666666666666,
        "support": 10.0
      },
      "fastball": {
        "precision": 0.6666666666666666,
        "recall": 0.6,
        "f1-score": 0.631578947368421,
        "support": 10.0
      },
      "accuracy": 0.6,
      "macro avg": {
        "precision": 0.6010101010101009,
        "recall": 0.6,
        "f1-score": 0.5994152046783625,
        "support": 30.0
      },
      "weighted avg": {
        "precision": 0.601010101010101,
        "recall": 0.6,
        "f1-score": 0.5994152046783625,
        "support": 30.0
      }
    },
    "confusion_matrix": [
      [
        5,
        3,
        2
      ],
      [
        2,
        7,
        1
      ],
      [
        3,
        1,
        6
      ]
    ],
    "labels": [
      "changeup",
      "curveball",
      "fastball"
    ]
  },
  "random_forest_pathshape": {
    "classification_report": {
      "changeup": {
        "precision": 0.4166666666666667,
        "recall": 0.5,
        "f1-score": 0.45454545454545453,
        "support": 10.0
      },
      "curveball": {
        "precision": 0.6666666666666666,
        "recall": 0.6,
        "f1-score": 0.631578947368421,
        "support": 10.0
      },
      "fastball": {
        "precision": 0.5555555555555556,
        "recall": 0.5,
        "f1-score": 0.5263157894736842,
        "support": 10.0
      },
      "accuracy": 0.5333333333333333,
      "macro avg": {
        "precision": 0.5462962962962963,
        "recall": 0.5333333333333333,
        "f1-score": 0.5374800637958533,
        "support": 30.0
      },
      "weighted avg": {
        "precision": 0.5462962962962962,
        "recall": 0.5333333333333333,
        "f1-score": 0.5374800637958532,
        "support": 30.0
      }
    },
    "confusion_matrix": [
      [
        5,
        2,
        3
      ],
      [
        3,
        6,
        1
      ],
      [
        4,
        1,
        5
      ]
    ],
    "labels": [
      "changeup",
      "curveball",
      "fastball"
    ]
  }
}