model,mean_accuracy,std_accuracy,cross_val_predict_accuracy
svm_pathshape,0.6,0.16996731711975951,0.6
random_forest_pathshape,0.5333333333333333,0.19436506316151003,0.5333333333333333
