{
  "logistic_regression": {
    "classification_report": {
      "changeup": {
        "precision": 0.7,
        "recall": 0.7,
        "f1-score": 0.7,
        "support": 10.0
      },
      "curveball": {
        "precision": 0.6666666666666666,
        "recall": 0.6,
        "f1-score": 0.631578947368421,
        "support": 10.0
      },
      "fastball": {
        "precision": 0.7272727272727273,
        "recall": 0.8,
        "f1-score": 0.7619047619047619,
        "support": 10.0
      },
      "accuracy": 0.7,
      "macro avg": {
        "precision": 0.6979797979797979,
        "recall": 0.6999999999999998,
        "f1-score": 0.6978279030910609,
        "support": 30.0
      },
      "weighted avg": {
        "precision": 0.6979797979797979,
        "recall": 0.7,
        "f1-score": 0.697827903091061,
        "support": 30.0
      }
    },
    "confusion_matrix": [
      [
        7,
        2,
        1
      ],
      [
        2,
        6,
        2
      ],
      [
        1,
        1,
        8
      ]
    ],
    "labels": [
      "changeup",
      "curveball",
      "fastball"
    ]
  },
  "svm_rbf": {
    "classification_report": {
      "changeup": {
        "precision": 0.6666666666666666,
        "recall": 0.6,
        "f1-score": 0.631578947368421,
        "support": 10.0
      },
      "curveball": {
        "precision": 0.6363636363636364,
        "recall": 0.7,
        "f1-score": 0.6666666666666666,
        "support": 10.0
      },
      "fastball": {
        "precision": 0.8,
        "recall": 0.8,
        "f1-score": 0.8,
        "support": 10.0
      },
      "accuracy": 0.7,
      "macro avg": {
        "precision": 0.701010101010101,
        "recall": 0.6999999999999998,
        "f1-score": 0.6994152046783627,
        "support": 30.0
      },
      "weighted avg": {
        "precision": 0.7010101010101011,
        "recall": 0.7,
        "f1-score": 0.6994152046783626,
        "support": 30.0
      }
    },
    "confusion_matrix": [
      [
        6,
        3,
        1
      ],
      [
        2,
        7,
        1
      ],
      [
        1,
        1,
        8
      ]
    ],
    "labels": [
      "changeup",
      "curveball",
      "fastball"
    ]
  },
  "random_forest": {
    "classification_report": {
      "changeup": {
        "precision": 0.6666666666666666,
        "recall": 0.8,
        "f1-score": 0.7272727272727273,
        "support": 10.0
      },
      "curveball": {
        "precision": 0.5555555555555556,
        "recall": 0.5,
        "f1-score": 0.5263157894736842,
        "support": 10.0
      },
      "fastball": {
        "precision": 0.7777777777777778,
        "recall": 0.7,
        "f1-score": 0.7368421052631579,
        "support": 10.0
      },
      "accuracy": 0.6666666666666666,
      "macro avg": {
        "precision": 0.6666666666666666,
        "recall": 0.6666666666666666,
        "f1-score": 0.6634768740031899,
        "support": 30.0
      },
      "weighted avg": {
        "precision": 0.6666666666666666,
        "recall": 0.6666666666666666,
        "f1-score": 0.6634768740031898,
        "support": 30.0
      }
    },
    "confusion_matrix": [
      [
        8,
        2,
        0
      ],
      [
        3,
        5,
        2
      ],
      [
        1,
        2,
        7
      ]
    ],
    "labels": [
      "changeup",
      "curveball",
      "fastball"
    ]
  }
}